variavel,importancia
congestion,0.2678412782427158
jitter,0.232121524998213
packet_loss,0.2135272917071869
throughput,0.1711121981050666
latency,0.11539770694681785
